"StationId","Station.name","SampleDate","Alk_4.5","ANC","Ca","Cl","DOC","Farge","K","Konduktivitet","Mg","Na","NH4.N","Nitrogen.part","NO3.N","pH","PO4.P","POC","Si","SiO2","SO4","STS","Temperatur","TOC","TOTN","TOTP","TOTP_P","TSM","Turbiditet","Ag","As","Cd","Cd.filt","Cr","Cu","Hg","Hg.filt","Ni","Ni.filt","Pb","Pb.filt","Zn"
40352,"Drammenselva","10.01.2022 11:40",0.211,175,3.97,2.27,2.8,"18",0.44,3.46,0.6,1.48,"19",14.8,"290",6.98,"2",119,1.45,3.02,3.02,"1.4",0.9,2.8,350,"3",2,"0.8","0.66",NA,NA,NA,NA,NA,NA,NA,NA,NA,NA,NA,NA,NA
40352,"Drammenselva","07.02.2022 09:20",0.22,204,4.14,2.27,2.6,"16",0.46,3.71,0.66,1.69,"22",41.5,"250",7.03,"1",210,1.36,2.86,2.89,"1",0.4,2.6,360,"4",3,"0.77","0.53","< 0.002","0.062","0.0063",NA,0.09,0.5,0.83,NA,0.4,NA,"0.034",NA,"1.3"
40352,"Drammenselva","07.03.2022 11:15",0.208,182,3.82,1.94,2.4,"14",0.44,3.44,0.59,1.43,"11",33.4,"260",7.06,"1",168,1.26,2.58,2.74,"< 1.3",1.4,2.5,330,"3",3,"< 0.4","0.77",NA,NA,NA,NA,NA,NA,NA,NA,NA,NA,NA,NA,NA
40352,"Drammenselva","04.04.2022 11:30",0.205,187,4.1,2.05,2.5,"16",0.44,3.6,0.61,1.48,"13",19.1,"290",6.95,"3",112,1.18,2.78,3.1,"1.1",2.7,2.6,350,"4",2,"0.97","0.54",NA,NA,NA,NA,NA,NA,NA,NA,NA,NA,NA,NA,NA
40352,"Drammenselva","02.05.2022 10:30",0.252,212,4.81,2.84,3.1,"19",0.47,4.08,0.66,1.8,"23",24.5,"280",7.21,"1",184,1.25,2.69,3.47,"1.4",7.1,3.1,370,"4",4,"0.92","0.69","< 0.002","0.13","0.005",NA,NA,0.58,0.99,NA,0.62,NA,"0.043",NA,"2.1"
40352,"Drammenselva","16.05.2022 09:30",0.205,187,3.77,2.2,2.7,"16",0.47,3.45,0.67,1.67,"24",29.2,"210",7.11,"< 1",217,1.22,2.6,3.05,"1.3",8.7,2.8,290,"4",3,"0.98","0.63",NA,NA,NA,NA,NA,NA,NA,NA,NA,NA,NA,NA,NA
40352,"Drammenselva","30.05.2022 10:15",0.199,174,3.41,2.07,2.9,"17",0.46,3.14,0.6,1.57,"15",23,"170",7.14,"4",253,1.18,2.61,2.64,"3.2",10.7,3,310,"6",3,"1.53","0.69",NA,NA,NA,NA,NA,NA,NA,NA,NA,NA,NA,NA,NA
40352,"Drammenselva","07.06.2022 06:45",0.189,179,3.33,1.66,2.9,"18",0.41,3.11,0.53,1.39,"18",29.7,"130",7.08,"1",281,1.14,2.51,2.2,"1.3",14.5,3,250,"5",4,"1.26","0.67",NA,NA,NA,NA,NA,NA,NA,NA,NA,NA,NA,NA,NA
40352,"Drammenselva","13.06.2022 06:30",0.2,142,3.37,2.42,3,"19",0.44,3.21,0.54,1.44,"20",31.5,"190",7.11,"2",391,1.13,2.51,3.01,"1.1",14.8,3.1,290,"4",4,"1.21","0.8",NA,NA,NA,NA,NA,NA,NA,NA,NA,NA,NA,NA,NA
40352,"Drammenselva","27.06.2022 09:00",0.19,182,3.51,2,3.2,"18",0.53,3.27,0.59,1.54,"22",30.9,"160",6.93,"< 1",336,1.09,2.4,2.6,"1.1",18.3,3.3,280,"5",4,"1.01","0.7",NA,NA,NA,NA,NA,NA,NA,NA,NA,NA,NA,NA,NA
40352,"Drammenselva","11.07.2022 08:30",0.235,208,3.98,2.19,3.2,"17",0.51,3.85,0.7,1.75,"24",34.2,"180",7.2,"< 1",329,1.13,2.45,2.99,"1.2",17.8,3.2,320,"5",4,"1.03","0.75",NA,NA,NA,NA,NA,NA,NA,NA,NA,NA,NA,NA,NA
40352,"Drammenselva","01.08.2022 09:30",0.248,229,4.25,2.18,3.4,"16",0.55,3.96,0.72,1.85,"41",38.1,"180",7.17,"1",313,1.15,2.48,3,"1.3",18.8,3.5,320,"5",5,"1.24","0.96","0.002","0.15","0.005",NA,0.16,0.65,0.75,NA,0.41,NA,"0.053",NA,"1.1"
40352,"Drammenselva","05.09.2022 12:30",0.217,183,3.14,1.8,2.7,"13",0.46,3.42,0.64,1.66,"30",39.5,"100",7.22,"< 1",263,1.02,2.22,2.54,"1.7",18,2.9,240,"4",4,"0.88","0.76",NA,NA,NA,NA,NA,NA,NA,NA,NA,NA,NA,NA,NA
40352,"Drammenselva","03.10.2022 10:45",0.2,180,3.64,1.94,4.1,"22",0.46,3.45,0.59,1.48,"10",41,"240",7.15,"2",518,1.18,2.67,2.6,"1.8",12.1,4,370,"6",4,"1.91","1","< 0.002","0.13","0.007",NA,0.71,0.62,1.03,NA,0.37,NA,"0.081",NA,"1.4"
40352,"Drammenselva","07.11.2022 10:50",0.241,243,4.94,2.32,4.8,"31",0.6,4.5,0.81,1.76,"8",56,"490",7.1,"5",356,1.7,3.72,2.96,"5",7.9,4.9,680,"13",11,"6.38","3.8",NA,NA,NA,NA,NA,NA,NA,NA,NA,NA,NA,NA,NA
40352,"Drammenselva","06.12.2022 09:30",0.24,224,4.8,2.71,3.8,"22",0.51,4.18,0.72,1.86,"12",9.75,"330",7.19,"2",189,1.57,3.27,3.32,"1",3.3,3.8,420,"4",3,"1.03","0.57",NA,NA,NA,NA,NA,NA,NA,NA,NA,NA,NA,NA,NA
40353,"Skienselva","11.01.2022 11:00",0.111,91,1.87,1.44,2.6,"18",0.21,1.9,0.23,1.08,"9",18,"150",6.69,"< 1",115,1.06,2.42,1.09,"0.6",NA,2.6,290,"3",2,"< 1","0.37",NA,NA,NA,NA,NA,NA,NA,NA,NA,NA,NA,NA,NA
40353,"Skienselva","07.02.2022 17:20",0.114,96,1.88,1.44,2.6,"18",0.22,1.89,0.27,1.11,"12",18.7,"140",6.65,"1",172,1.07,2.31,1.1,"0.7",NA,2.7,330,"3",2,"0.58","0.39","0.0072","0.082","0.0052",NA,0.078,1.46,1.1,NA,0.51,NA,"0.125",NA,"4.4"
40353,"Skienselva","07.03.2022 16:50",0.113,97,1.95,1.42,2.5,"17",0.22,1.91,0.25,1.07,"7",30.8,"160",6.7,"1",257,1.1,2.3,1.05,"0.8",NA,2.5,230,"4",2,"0.83","0.44",NA,NA,NA,NA,NA,NA,NA,NA,NA,NA,NA,NA,NA
40353,"Skienselva","04.04.2022 16:30",0.118,84,1.95,1.95,2.5,"16",0.26,1.98,0.26,1.2,"51",17,"160",6.72,"2",214,1.09,2.37,1.3,"1.2",NA,2.6,290,"4",5,"1.24","0.45",NA,NA,NA,NA,NA,NA,NA,NA,NA,NA,NA,NA,NA
40353,"Skienselva","02.05.2022 19:10",0.12,88,2.01,1.65,2.5,"16",0.22,1.94,0.26,1.11,"19",14.1,"170",6.8,"< 1",130,1.07,2.33,1.41,"0.8",NA,2.6,250,"4",3,"0.5","< 0.3","< 0.002","0.077","0.007",NA,0.057,0.36,0.99,NA,0.19,NA,"0.029",NA,"1.7"
40353,"Skienselva","06.06.2022 14:30",0.131,95,1.88,1.4,2.4,"14",0.27,1.95,0.25,1.1,"42",32.6,"120",6.8,"2",603,0.992,2.25,1.23,"2.4",NA,2.4,280,"6",5,"2.36","0.4",NA,NA,NA,NA,NA,NA,NA,NA,NA,NA,NA,NA,NA
40353,"Skienselva","04.07.2022 13:45",0.146,129,2.52,1.27,2,"11",0.22,2.12,0.25,1.04,"17",30.7,"110",6.92,"2",291,0.935,1.99,1.17,"1.3",NA,2,190,"6",3,"1.25","0.35",NA,NA,NA,NA,NA,NA,NA,NA,NA,NA,NA,NA,NA
40353,"Skienselva","01.08.2022 15:30",0.125,103,2.05,1.52,2.8,"11",0.28,1.91,0.26,1.09,"59",56.3,"90",6.87,"2",362,0.835,1.88,1.26,"1.2",NA,2.8,310,"5",4,"1.38","1.4","0.01","0.12","0.042",NA,0.08,NA,0.42,NA,0.32,NA,"0.226",NA,"24.6"
40353,"Skienselva","05.09.2022 18:30",0.13,109,1.93,1.14,1.9,"9",0.22,1.89,0.23,1.06,"30",26,"63",6.94,"< 1",363,0.788,1.86,1.01,"1.4",NA,2,170,"5",5,"0.83","0.58",NA,NA,NA,NA,NA,NA,NA,NA,NA,NA,NA,NA,NA
40353,"Skienselva","03.10.2022 15:25",0.125,99,2,1.4,2.5,"14",0.22,1.95,0.26,1.1,"14",33.4,"120",6.81,"< 1",429,0.939,2.08,1.32,"1.1",NA,2.6,200,"3",3,"0.8","0.74","< 0.002","0.087","0.014",NA,0.08,1.56,1.16,NA,0.2,NA,"0.116",NA,"3.1"
40353,"Skienselva","07.11.2022 16:15",0.133,126,2.39,1.46,3.6,"24",0.33,2.32,0.31,1.2,"15",25.9,"160",6.81,"3",344,1.24,2.77,1.31,"4.1",NA,3.9,320,"8",7,"3.56","1.7",NA,NA,NA,NA,NA,NA,NA,NA,NA,NA,NA,NA,NA
40353,"Skienselva","05.12.2022 16:05",0.115,100,2.09,1.66,3.2,"20",0.27,2.05,0.3,1.2,"15",20.2,"190",6.67,"2",296,1.17,2.47,1.32,"0.8",NA,3.4,260,"4",4,"1.3","0.83",NA,NA,NA,NA,NA,NA,NA,NA,NA,NA,NA,NA,NA
40354,"Otra","10.01.2022 09:10",0.06,29,0.982,4.25,2.8,"22",0.15,1.94,0.19,2.45,"16",14.8,"97",6.11,"1",143,0.935,2,0.9,"< 0.8",NA,2.9,230,"3",2,"0.44","0.31",NA,NA,NA,NA,NA,NA,NA,NA,NA,NA,NA,NA,NA
40354,"Otra","07.02.2022 13:15",0.066,40,0.919,2.53,3,"24",0.16,1.7,0.21,1.64,"16",28.3,"97",6.2,"< 1",307,0.903,1.96,0.97,"< 0.6",NA,3,170,"3",2,"0.71","0.39","0.0026","0.076","0.016","0.017",0.077,0.4,1.28,0.91,0.38,0.37,"0.204",0.153,"2.7"
40354,"Otra","07.03.2022 09:35",0.064,40,0.959,2.14,2.4,"19",0.15,1.5,0.19,1.32,"7",35.7,"92",6.24,"< 1",302,0.852,1.79,0.85,"2",NA,2.4,150,"2",2,"< 0.67","0.31",NA,NA,NA,NA,NA,NA,NA,NA,NA,NA,NA,NA,NA
40354,"Otra","04.04.2022 12:25",0.072,30,0.907,2.14,2.2,"17",0.15,1.36,0.18,1.21,"4",21.7,"80",6.3,"< 1",359,0.758,1.7,0.98,"< 0.8",NA,2.2,170,"3",3,"1.42","0.37",NA,NA,NA,NA,NA,NA,NA,NA,NA,NA,NA,NA,NA
40354,"Otra","02.05.2022 11:45",0.077,41,1,1.66,2,"14",0.13,1.31,0.17,1.04,"9",21.7,"67",6.53,"< 1",158,0.665,1.48,0.95,"0.8",NA,2,140,"2",2,"0.76","< 0.3","0.003","0.086","0.009","0.01",0.069,0.58,0.8,0.64,0.23,0.24,"0.093",0.075,"2.4"
40354,"Otra","07.06.2022 10:34",0.081,60,1.13,1.54,1.8,"12",0.13,1.47,0.18,1.09,"5",24.6,"45",6.64,"< 1",303,0.57,1.3,0.73,"1.8",NA,2,120,"7",4,"0.93","0.56",NA,NA,NA,NA,NA,NA,NA,NA,NA,NA,NA,NA,NA
40354,"Otra","04.07.2022 12:45",0.071,49,0.959,1.55,1.7,"9",0.14,1.3,0.17,1.09,"10",38.7,"33",6.43,"< 1",240,0.542,1.18,0.86,"0.7",NA,1.7,92,"3",2,"0.68","0.35",NA,NA,NA,NA,NA,NA,NA,NA,NA,NA,NA,NA,NA
40354,"Otra","01.08.2022 11:06",0.072,45,0.873,1.64,1.6,"8",0.16,1.26,0.19,1.07,"3",23.1,"30",6.42,"< 1",218,0.488,1.09,0.81,"0.7",NA,1.6,88,"2",1,"0.81","< 0.3","< 0.002","0.061","0.007","0.007",0.038,0.27,0.46,0.32,0.15,0.18,"0.03",0.047,"2.8"
40354,"Otra","05.09.2022 10:35",0.076,55,0.985,1.69,2,"9",0.16,1.47,0.19,1.21,"16",28.3,"30",6.46,"< 1",223,0.484,1.12,0.79,"1.4",NA,2.1,110,"3",3,"1.06","0.5",NA,NA,NA,NA,NA,NA,NA,NA,NA,NA,NA,NA,NA
40354,"Otra","03.10.2022 13:15",0.074,59,1.31,3.45,5,"32",0.25,2.17,0.31,2.12,"14",23.1,"80",6.21,"< 1",552,0.879,1.89,1.31,"1.5",NA,5,250,"6",4,"2","0.67","< 0.002","0.18","0.026","0.028",0.14,0.65,1.67,1.29,0.49,0.47,"0.364",0.266,"4"
40354,"Otra","07.11.2022 11:55",0.058,62,1.07,2.7,5.6,"44",0.23,1.92,0.28,1.91,"11",58.9,"66",5.95,"3",847,1.07,2.38,1.09,"4.5",NA,5.8,230,"11",3,"4.96","1.8",NA,NA,NA,NA,NA,NA,NA,NA,NA,NA,NA,NA,NA
40354,"Otra","05.12.2022 10:35",0.071,54,1.13,2.02,4.4,"35",0.16,1.6,0.21,1.39,"14",24.3,"77",6.26,"2",269,0.914,1.93,1.05,"0.7",NA,4.4,190,"4",3,"0.96","0.48",NA,NA,NA,NA,NA,NA,NA,NA,NA,NA,NA,NA,NA
40355,"Numedalslågen","09.01.2022 16:00",0.218,185,3.83,3.32,2.8,"19",0.52,4.01,0.52,2.32,"110",136,"250",6.89,"3",1544,1.85,4.1,2.49,"2",NA,2.9,510,"7",6,"5.74","1.6",NA,NA,NA,NA,NA,NA,NA,NA,NA,NA,NA,NA,NA
40355,"Numedalslågen","07.02.2022 10:00",0.183,161,3.38,3.5,2.5,"18",0.45,3.76,0.51,2.46,"2",21.2,"260",6.8,"2",165,1.72,3.61,2.45,"1.6",NA,2.6,410,"5",3,"2.06","1","0.0026","0.13","0.0082",NA,0.077,0.41,1.12,NA,0.34,NA,"0.129",NA,"2.4"
40355,"Numedalslågen","07.03.2022 09:30",0.168,143,3.12,2.59,2.2,"15",0.37,3.19,0.42,1.81,"32",41.1,"250",6.86,"3",271,1.56,3.14,2.15,"2.8",NA,2.3,340,"7",5,"2.77","1.4",NA,NA,NA,NA,NA,NA,NA,NA,NA,NA,NA,NA,NA
40355,"Numedalslågen","04.04.2022 10:00",0.203,196,4.01,3.38,4,"34",0.51,4.16,0.56,2.52,"< 2",23.9,"350",6.9,"3",185,2.09,4.43,2.54,"3.9",NA,4.2,400,"6",5,"1.7","1.3",NA,NA,NA,NA,NA,NA,NA,NA,NA,NA,NA,NA,NA
40355,"Numedalslågen","02.05.2022 10:00",0.167,130,3.03,3.16,4.6,"38",0.42,3.14,0.44,1.95,"53",24.2,"180",6.9,"4",240,1.64,3.45,2.47,"5.4",NA,4.6,310,"8",5,"3.58","1.6","0.002","0.16","0.013",NA,0.15,0.59,1.69,NA,0.36,NA,"0.173",NA,"3"
40355,"Numedalslågen","07.06.2022 09:30",0.167,155,2.75,1.52,3,"20",0.36,2.62,0.34,1.37,"17",17.2,"62",6.96,"2",261,1.34,2.86,1.54,"1.5",NA,3.1,170,"5",3,"1.41","1",NA,NA,NA,NA,NA,NA,NA,NA,NA,NA,NA,NA,NA
40355,"Numedalslågen","04.07.2022 09:00",0.162,138,2.71,1.61,2.2,"12",0.34,2.52,0.33,1.34,"18",48.8,"50",7.01,"1",292,1.07,2.24,2.02,"2",NA,2.3,150,"4",4,"1.88","0.8",NA,NA,NA,NA,NA,NA,NA,NA,NA,NA,NA,NA,NA
40355,"Numedalslågen","01.08.2022 09:00",0.165,142,2.87,1.89,1.9,"10",0.35,2.65,0.36,1.39,"14",23.5,"65",6.89,"2",230,0.99,1.97,2.05,"4.8",19.8,1.9,160,"10",6,"3.31","0.73","< 0.002","0.15","0.009",NA,0.11,0.52,1.27,NA,0.28,NA,"0.211",NA,"2"
40355,"Numedalslågen","06.09.2022 09:00",0.181,156,2.96,1.94,1.8,"9",0.38,2.91,0.34,1.63,"38",24.2,"58",7.1,"1",208,0.688,1.55,1.99,"1.3",NA,1.8,150,"5",4,"0.98","0.79",NA,NA,NA,NA,NA,NA,NA,NA,NA,NA,NA,NA,NA
40355,"Numedalslågen","03.10.2022 09:30",0.155,159,3.34,3.79,8.9,"58",0.55,3.81,0.64,2.61,"26",62.7,"380",6.87,"6",845,1.98,4.02,2.57,"6.7",NA,8.9,630,"17",8,"7.23","3.6","0.002","0.3","0.024",NA,0.27,0.87,3.63,NA,0.52,NA,"0.366",NA,"5.2"
40355,"Numedalslågen","07.11.2022 15:00",0.134,168,3.02,3.08,8.8,"66",0.55,3.46,0.62,2.37,"8",90,"290",6.59,"31",964,2.45,5.27,2.1,"14.9",NA,9.2,550,"41",26,"27.8","7.1",NA,NA,NA,NA,NA,NA,NA,NA,NA,NA,NA,NA,NA
40355,"Numedalslågen","05.12.2022 14:00",0.163,157,3.28,2.55,5.6,"41",0.42,3.13,0.48,1.78,"25",17.6,"240",6.91,"3",287,2.14,4.42,2.19,"2",NA,5.8,350,"8",6,"3.79","1.2",NA,NA,NA,NA,NA,NA,NA,NA,NA,NA,NA,NA,NA
40356,"Glomma","10.01.2022 14:30",0.296,268,5.83,2.68,2.9,"21",0.75,5.08,0.9,1.8,"35",13.1,"460",7.19,"3",119,1.85,3.73,4.13,"1.6",0.1,2.9,600,"6",4,"1.38","1.4",NA,NA,NA,NA,NA,NA,NA,NA,NA,NA,NA,NA,NA
40356,"Glomma","07.02.2022 14:30",0.298,280,5.78,4.08,3.4,"26",0.92,5.59,1.03,2.62,"47",142,"410",7.26,"30",1316,2.05,5.36,4.15,"26.4",0.6,3.4,660,"53",43,"33.4","18","< 0.002","0.16","0.012",NA,0.57,1.6,2.23,NA,0.91,NA,"0.451",NA,"3.2"
40356,"Glomma","07.03.2022 14:15",0.307,268,5.82,5.03,3.8,"30",0.91,5.88,1.05,2.97,"40",54.8,"460",7.27,"10",459,2.08,4.25,4.14,"8.6",2.1,3.8,600,"16",10,"12.8","8.8",NA,NA,NA,NA,NA,NA,NA,NA,NA,NA,NA,NA,NA
40356,"Glomma","04.04.2022 13:45",0.297,244,5.63,3.59,3.6,"29",0.81,5.32,1.01,2.22,"6",37.3,"510",7.26,"5",242,1.72,3.84,4.77,"3.6",4.2,3.7,590,"9",7,"3.05","3.8",NA,NA,NA,NA,NA,NA,NA,NA,NA,NA,NA,NA,NA
40356,"Glomma","02.05.2022 15:20",0.288,257,5.36,3.36,4.7,"39",0.81,5.02,0.98,2.16,"39",77,"340",7.18,"11",703,1.64,4.17,4.15,"9.3",9,4.8,460,"13",12,"4.76","3.1","< 0.002","0.15","0.009",NA,0.29,1.35,1.72,NA,0.75,NA,"0.206",NA,"2.5"
40356,"Glomma","16.05.2022 13:15",0.281,278,5.35,2.97,4.7,"37",0.84,4.79,0.98,2.15,"24",39.2,"290",7.21,"3",385,1.83,3.62,3.85,"2.9",10.7,4.7,420,"9",7,"2.19","1.9",NA,NA,NA,NA,NA,NA,NA,NA,NA,NA,NA,NA,NA
40356,"Glomma","30.05.2022 11:10",0.305,305,5.68,2.48,4,"29",0.79,4.65,0.95,1.87,"16",28.5,"160",7.28,"4",408,1.24,3.29,3.67,"4.6",13.1,4,270,"9",7,"4.05","2.1",NA,NA,NA,NA,NA,NA,NA,NA,NA,NA,NA,NA,NA
40356,"Glomma","06.06.2022 05:45",0.313,255,5.61,3.16,3.3,"23",0.72,4.85,0.89,1.79,"16",44,"240",7.3,"3",429,1.5,3.06,4.22,"5",14.4,3.3,310,"9",9,"6","1.6",NA,NA,NA,NA,NA,NA,NA,NA,NA,NA,NA,NA,NA
40356,"Glomma","20.06.2022 12:25",0.293,260,5.36,2.11,2.9,"19",0.67,4.41,0.83,1.53,"11",51.9,"280",7.19,"5",299,1.38,3.07,3.85,"4.3",14.5,3.1,350,"8",7,"4.39","2.1",NA,NA,NA,NA,NA,NA,NA,NA,NA,NA,NA,NA,NA
40356,"Glomma","27.06.2022 11:50",0.295,277,5.56,2,2.6,"15",0.74,4.57,0.85,1.51,"22",47.7,"250",7.17,"4",418,1.33,2.83,3.89,"5",17.3,2.6,350,"9",8,"4.88","1.9",NA,NA,NA,NA,NA,NA,NA,NA,NA,NA,NA,NA,NA
40356,"Glomma","04.07.2022 07:00",0.305,285,5.59,2.28,2.6,"17",0.8,4.94,0.88,1.8,"5",35.5,"300",7.25,"7",320,1.55,3.14,3.83,"8.6",14.4,2.7,520,"14",12,"7.11","2.7",NA,NA,NA,NA,NA,NA,NA,NA,NA,NA,NA,NA,NA
40356,"Glomma","01.08.2022 08:50",0.298,272,5.38,2.21,2.8,"15",0.67,4.47,0.92,1.55,"16",57.1,"260",7.24,"4",375,1.27,2.94,3.64,"4.3",18.4,2.8,340,"11",11,"4.31","1.7","< 0.002","0.14","0.004",NA,0.16,1.27,1.08,NA,0.59,NA,"0.128",NA,"1.3"
40356,"Glomma","06.09.2022 05:40",0.295,274,5.27,1.81,3.6,"25",0.66,4.34,0.79,1.57,"44",41,"220",7.39,"2",208,1.3,2.9,3.46,"2.4",14.2,3.6,360,"7",5,"1.44","0.86",NA,NA,NA,NA,NA,NA,NA,NA,NA,NA,NA,NA,NA
40356,"Glomma","04.10.2022 05:50",0.297,277,5.24,2.09,3.2,"20",0.7,4.7,0.84,1.72,"14",159,"220",7.3,"8",1773,1.35,3.13,3.42,"6.7",11.5,3.2,460,"16",6,"18.6","1.5","< 0.002","0.11","0.005",NA,0.12,1.15,0.774,NA,0.51,NA,"0.074",NA,"1.2"
40356,"Glomma","07.11.2022 06:20",0.277,294,5.66,3.03,4.8,"36",0.92,5.36,1.15,2.24,"24",61.6,"490",7.12,"9",451,2.04,4.41,4.01,"7.9",7.7,5,910,"21",15,"7.22","7.9",NA,NA,NA,NA,NA,NA,NA,NA,NA,NA,NA,NA,NA
40356,"Glomma","06.12.2022 07:00",0.26,249,5.26,2.67,4.4,"34",0.73,4.66,0.94,1.84,"11",3.31,"410",7.2,"4",242,1.87,3.88,4.1,"5",2.8,4.4,510,"8",5,"6.61","2.1",NA,NA,NA,NA,NA,NA,NA,NA,NA,NA,NA,NA,NA
40357,"Orkla","10.01.2022 14:30",0.525,458,9.08,2.06,2,"14",1.03,6.27,0.78,1.47,"5",10.8,"180",7.43,"1",89.1,1.5,3.37,3.78,"0.6",NA,2,310,"3",2,"0.52","0.38",NA,NA,NA,NA,NA,NA,NA,NA,NA,NA,NA,NA,NA
40357,"Orkla","07.02.2022 13:45",0.489,457,9.79,3.97,2.4,"17",0.88,7.27,0.97,2.31,"8",21.3,"290",7.42,"1",214,1.68,3.51,4.87,"< 0.5",NA,2.4,380,"2",2,"0.5","0.38","< 0.002","0.069","0.037",NA,0.18,4.56,0.82,NA,0.62,NA,"0.014",NA,"9.9"
40357,"Orkla","07.03.2022 14:30",0.477,433,9.02,3.22,2.1,"16",0.86,6.69,0.86,1.99,"3",30.5,"260",7.46,"< 1",230,1.53,3.18,4.18,"< 1.3",NA,2.2,330,"2",1,"0.34","0.49",NA,NA,NA,NA,NA,NA,NA,NA,NA,NA,NA,NA,NA
40357,"Orkla","04.04.2022 11:00",0.574,484,11.2,5.77,2.4,"18",1.17,8.38,1.03,2.5,"11",10.4,"260",7.53,"3",130,1.74,3.76,5.61,"0.8",NA,2.4,380,"6",2,"0.7","0.34",NA,NA,NA,NA,NA,NA,NA,NA,NA,NA,NA,NA,NA
40357,"Orkla","02.05.2022 10:30",0.421,391,8.43,5.83,3.8,"32",0.8,7.15,0.94,3.21,"3",24.5,"280",7.36,"1",230,1.59,3.3,3.99,"1.6",NA,3.8,460,"4",2,"1.49","0.99","< 0.002","0.11","0.037",NA,0.31,6.68,1.29,NA,0.9,NA,"0.03",NA,"11"
40357,"Orkla","07.06.2022 12:10",0.31,276,5.74,3.14,2.5,"21",0.54,4.64,0.57,1.83,"< 2",20.1,"120",7.3,"1",281,1.02,2.27,2.56,"2",NA,2.5,210,"3",3,"2.08","0.33",NA,NA,NA,NA,NA,NA,NA,NA,NA,NA,NA,NA,NA
40357,"Orkla","04.07.2022 08:40",0.311,307,5.86,2.69,4.9,"43",0.55,4.59,0.63,1.97,"< 2",33.1,"74",7.2,"5",427,1.41,2.79,2.67,"6.4",NA,4.8,200,"12",8,"6.97","1.4",NA,NA,NA,NA,NA,NA,NA,NA,NA,NA,NA,NA,NA
40357,"Orkla","01.08.2022 13:40",0.38,336,6.68,2.83,2.4,"17",0.67,5.11,0.77,1.68,"< 2",21.8,"120",7.41,"2",270,1.21,2.58,3.02,"2.2",NA,2.4,200,"4",4,"2.49","0.47","< 0.002","0.1","0.022",NA,0.19,3.07,1.04,NA,0.75,NA,"0.026",NA,"5.1"
40357,"Orkla","05.09.2022 10:00",0.549,440,8.5,2.24,1.8,"10",1.08,6.95,0.86,1.62,"< 2",14,"100",7.62,"< 1",105,1.34,2.97,3.97,"1",NA,1.8,180,"3",2,"0.43","0.3",NA,NA,NA,NA,NA,NA,NA,NA,NA,NA,NA,NA,NA
40357,"Orkla","03.10.2022 09:30",0.484,438,8.6,2.9,2.7,"18",0.88,6.48,0.81,1.92,"< 2",14.6,"130",7.6,"< 1",384,1.39,3.01,3.49,"0.4",NA,2.6,210,"3",2,"0.56","< 0.3","< 0.002","0.068","0.017",NA,0.16,2.82,0.787,NA,0.66,NA,"0.008",NA,"4.8"
40357,"Orkla","07.11.2022 11:10",0.596,561,11.1,3.46,2.8,"20",1.08,8.58,1.13,2.53,"6",21.2,"290",7.58,"< 1",113,1.88,4.16,5.05,"< 0.7",NA,2.8,500,"2",2,"0.72","< 0.3",NA,NA,NA,NA,NA,NA,NA,NA,NA,NA,NA,NA,NA
40357,"Orkla","05.12.2022 10:30",0.489,438,8.61,2.19,1.8,"10",1.03,6.25,0.78,1.47,"7",10.3,"100",7.49,"1",163,1.39,2.99,3.72,"0.8",NA,1.8,170,"2",2,"0.64","< 0.3",NA,NA,NA,NA,NA,NA,NA,NA,NA,NA,NA,NA,NA
40358,"Altaelva","10.01.2022 11:00",0.622,577,9.51,4.33,2.8,"20",1.23,8.77,2.26,3.27,"2",10.9,"35",7.55,"3",71.3,2.7,6.09,6.36,"1.5",NA,2.8,190,"6",2,"1.35","< 0.3",NA,NA,NA,NA,NA,NA,NA,NA,NA,NA,NA,NA,NA
40358,"Altaelva","07.02.2022 10:35",0.566,546,8.66,1.55,3,"21",0.97,7.46,2.19,2,"< 2",16.8,"58",7.53,"2",140,2.87,7.2,6.25,"2.5",NA,3,130,"5",1,"3.86","< 0.3","< 0.002","0.08","< 0.003",NA,0.31,0.43,0.74,NA,0.23,NA,"0.018",NA,"< 0.15"
40358,"Altaelva","11.03.2022 10:45",0.597,NA,9.36,2.08,2.7,"19",1.09,7.99,2.19,2.27,"< 2",10.9,NA,7.35,"3",90.1,2.93,8,6.52,"2.8",NA,2.7,150,"5",2,"1.37","< 0.3",NA,NA,NA,NA,NA,NA,NA,NA,NA,NA,NA,NA,NA
40358,"Altaelva","04.04.2022 07:30",0.579,523,9.46,1.47,2.7,"19",1.08,7.91,2.11,1.9,"2",19.1,"58",7.43,"1",116,2.79,6.16,8.98,"1",NA,2.7,120,"2",2,"0.85","< 0.3",NA,NA,NA,NA,NA,NA,NA,NA,NA,NA,NA,NA,NA
40358,"Altaelva","02.05.2022 12:20",0.664,606,10.6,2.12,2.6,"17",1.19,8.97,2.49,2.31,"7",16.7,"65",7.62,"2",115,3.24,7.7,9.32,"1.5",NA,2.6,130,"6",3,"0.93","< 0.3","< 0.002","0.083","< 0.003",NA,0.22,0.41,0.72,NA,0.25,NA,"0.008",NA,"< 0.15"
40358,"Altaelva","07.06.2022 08:50",0.476,413,6.47,3.4,3.5,"34",0.98,7.14,1.4,2.55,"< 2",49,"32",7.34,"31",569,4.01,5.85,3,"88.3",NA,3.7,160,"45",24,"162","12",NA,NA,NA,NA,NA,NA,NA,NA,NA,NA,NA,NA,NA
40358,"Altaelva","04.07.2022 10:35",0.399,383,5.58,1.48,3,"24",0.8,4.88,1.39,1.75,"< 2",19.1,"19",7.39,"2",151,1.79,3.65,3.04,"2.8",NA,3,100,"6",4,"3.31","0.85",NA,NA,NA,NA,NA,NA,NA,NA,NA,NA,NA,NA,NA
40358,"Altaelva","08.08.2022 09:45",0.496,501,7.5,3.33,3.6,"27",0.91,6.21,1.89,2.78,"< 2",13.9,"46",7.37,"2",135,2.01,4.25,3.62,"1.4",NA,3.6,230,"5",4,"1.41","0.37","< 0.002","0.16","< 0.003",NA,0.22,0.54,1.11,NA,0.29,NA,"0.012",NA,"0.18"
40358,"Altaelva","05.09.2022 07:30",0.469,451,6.72,0.99,3.6,"26",0.73,5.67,1.58,1.64,"< 2",24.9,"20",7.49,"< 1",134,1.93,4.21,3.58,"1",NA,3.7,120,"4",3,"0.58","< 0.3",NA,NA,NA,NA,NA,NA,NA,NA,NA,NA,NA,NA,NA
40358,"Altaelva","03.10.2022 07:30",0.562,529,8.01,2.7,3.4,"23",0.98,7.54,1.92,2.7,"< 2",20.6,"35",7.49,"1",429,1.97,4.5,4.44,"1.2",NA,3.4,130,"4",3,"< 1","0.36","< 0.002","0.12","< 0.003",NA,0.18,0.4,0.877,NA,0.27,NA,"0.009",NA,"0.16"
40358,"Altaelva","07.11.2022 08:40",0.571,535,8.48,3.62,3.3,"22",1.04,7.71,2.15,2.92,"2",20.7,"59",7.49,"2",183,2.57,5.2,5.4,"< 0.8",NA,3.3,160,"5",2,"0.79","< 0.3",NA,NA,NA,NA,NA,NA,NA,NA,NA,NA,NA,NA,NA
40358,"Altaelva","05.12.2022 11:45",0.655,659,11.1,6.67,2.9,"19",1.46,9.9,2.65,4.41,"3",16,"95",7.51,"4",206,2.72,5.7,7.05,"< 0.8",NA,2.9,170,"6",2,"0.92","0.49",NA,NA,NA,NA,NA,NA,NA,NA,NA,NA,NA,NA,NA
40360,"Vefsna","11.01.2022 10:00",0.754,700,12.4,3.72,1.3,"9",0.37,8.81,1.64,2.29,"3",8.18,"110",7.67,"< 1",44.8,0.999,2.29,2.41,"< 0.4",NA,1.3,180,"1",0.6,"< 0.5","< 0.3",NA,NA,NA,NA,NA,NA,NA,NA,NA,NA,NA,NA,NA
40360,"Vefsna","07.02.2022 13:30",0.616,580,10.4,5.1,1.6,"12",0.33,7.87,1.52,2.71,"4",13.6,"67",7.65,"< 1",109,0.928,1.98,2.01,"< 0.6",NA,1.6,120,"1",0.9,"< 0.33","< 0.3","< 0.002","0.084","< 0.003",NA,0.075,0.3,0.66,NA,0.27,NA,"0.018",NA,"0.2"
40360,"Vefsna","07.03.2022 11:30",0.673,619,11.2,6.17,1.5,"12",0.41,8.93,1.56,3.3,"3",16.7,"69",7.63,"< 1",115,0.904,1.94,2.07,"< 0.7",NA,1.5,120,"2",1,"0.54","0.32",NA,NA,NA,NA,NA,NA,NA,NA,NA,NA,NA,NA,NA
40360,"Vefsna","04.04.2022 11:00",0.703,569,11.4,8.32,1.6,"12",0.45,9.23,1.69,3.29,"< 2",11.4,"100",7.65,"< 1",77.4,0.889,1.98,2.47,"0.8",NA,1.5,140,"< 1",0.84,"0.5","< 0.3",NA,NA,NA,NA,NA,NA,NA,NA,NA,NA,NA,NA,NA
40360,"Vefsna","02.05.2022 14:00",0.406,374,6.78,4.81,2.8,"29",0.26,5.58,0.93,2.7,"4",26,"26",7.4,"6",274,0.842,1.78,1.33,"9.2",NA,2.9,110,"10",7,"9.49","2.5","< 0.002","0.15","0.004",NA,0.51,0.63,1.9,NA,0.71,NA,"0.159",NA,"1.2"
40360,"Vefsna","07.06.2022 08:25",0.303,262,4.72,2.74,1.3,"11",0.18,3.97,0.65,1.68,"< 2",10.6,"27",7.29,"1",155,0.567,1.26,1.24,"3",NA,1.3,92,"2",2,"5.14","0.59",NA,NA,NA,NA,NA,NA,NA,NA,NA,NA,NA,NA,NA
40360,"Vefsna","04.07.2022 14:30",0.231,198,3.33,1.38,0.93,"8",0.15,2.68,0.44,1.11,"< 2",17,"12",7.21,"1",142,0.426,0.9,0.79,"2.8",NA,1,38,"3",3,"2.75","1",NA,NA,NA,NA,NA,NA,NA,NA,NA,NA,NA,NA,NA
40360,"Vefsna","02.08.2022 10:30",0.329,296,4.82,1.38,1.3,"11",0.17,3.67,0.68,1.27,"< 2",16.4,"16",7.35,"< 1",130,0.45,0.99,0.95,"1.2",NA,1.3,62,"4",2,"0.77","0.46","< 0.002","0.1","< 0.003",NA,0.069,0.26,0.91,NA,0.23,NA,"0.031",NA,"0.32"
40360,"Vefsna","05.09.2022 11:00",0.548,505,8.43,1.69,1.2,"7",0.25,5.88,1.01,1.67,"< 2",3.5,"23",7.69,"< 1",105,0.571,1.28,1.35,"1",NA,1.2,72,"1",1,"0.21","< 0.3",NA,NA,NA,NA,NA,NA,NA,NA,NA,NA,NA,NA,NA
40360,"Vefsna","03.10.2022 13:00",0.567,501,8.6,2.14,1,"6",0.32,6.35,1.12,1.65,"4",21.2,"32",7.64,"< 1",332,0.604,1.34,1.81,"1.3",NA,1.1,71,"2",1,"2.69","< 0.3","< 0.002","0.14","0.003",NA,0.08,0.49,0.528,NA,0.28,NA,"0.031",NA,"0.66"
40360,"Vefsna","07.11.2022 13:00",0.518,504,8.41,1.89,1.9,"22",0.28,6.01,1.07,1.68,"4",23.9,"35",7.6,"< 1",186,0.813,1.78,1.34,"0.5",NA,1.9,120,"2",2,"0.44","< 0.3",NA,NA,NA,NA,NA,NA,NA,NA,NA,NA,NA,NA,NA
40360,"Vefsna","05.12.2022 11:00",0.953,888,17,6.41,3.7,"40",0.33,11.2,1.14,4.18,"5",4.7,"84",7.75,"1",179,1.05,2.27,2.75,"1.2",NA,3.7,150,"3",2,"0.49","0.33",NA,NA,NA,NA,NA,NA,NA,NA,NA,NA,NA,NA,NA
40361,"Orreelva","04.01.2022 10:35",0.969,861,19.6,24.2,4.9,"24",3.87,19.6,3.43,12.4,"8",559,"970",7.65,"91",4350,0.268,2.42,13.7,"19.4",NA,10.9,2000,"160",77,"26.4","16",NA,NA,NA,NA,NA,NA,NA,NA,NA,NA,NA,NA,NA
40361,"Orreelva","07.02.2022 12:05",0.798,738,16.1,24.5,4.7,"25",3.42,20.4,3.27,14.2,"< 2",1049,"1180",7.84,"82",7808,0.885,2.29,12.7,"55.5",NA,11.3,2300,"200",160,"49.2","18","< 0.002","0.54","0.044","< 0.003",0.45,2.88,4.15,0.47,1.5,0.91,"1.54",0.08,"12.7"
40361,"Orreelva","07.03.2022 12:30",0.796,401,15.5,32.5,4.9,"26",3.44,19.3,3.39,13.9,"3",470,"1370",7.86,"12",3303,0.286,0.92,15.8,"11",NA,7.6,2100,"47",39,"8.73","6.2",NA,NA,NA,NA,NA,NA,NA,NA,NA,NA,NA,NA,NA
40361,"Orreelva","04.04.2022 11:40",0.944,739,18.4,28.7,6,"21",3.71,21.4,3.65,14.2,"2",218,"980",7.86,"23",1979,0.094,0.4,15,"9.6",NA,7,1400,"51",42,"8.43","3.5",NA,NA,NA,NA,NA,NA,NA,NA,NA,NA,NA,NA,NA
40361,"Orreelva","02.05.2022 09:30",1.02,971,18.9,25.9,4.7,"17",3.7,21.8,3.9,15,"18",201,"450",7.91,"7",1488,0.119,0.3,13.3,"5.6",NA,5.6,700,"28",24,"4.45","3.2","< 0.002","0.24","0.008","0.006",0.1,1.28,0.54,0.31,0.88,0.93,"0.088",0.105,"1"
40361,"Orreelva","07.06.2022 09:15",1.13,1054,19.7,27.1,5.2,"16",3.64,22.4,4.04,15.4,"< 2",142,"< 2",7.73,"5",1051,0.098,0.32,12.5,"3.7",NA,6.1,380,"25",19,"3.72","3",NA,NA,NA,NA,NA,NA,NA,NA,NA,NA,NA,NA,NA
40361,"Orreelva","04.07.2022 09:05",1.19,1066,19.8,29,5.7,"16",4.12,23.5,3.95,16.6,"4",254,"< 2",7.68,"9",1650,0.377,0.82,12.3,"4",NA,6.8,420,"38",38,"6.05","3.1",NA,NA,NA,NA,NA,NA,NA,NA,NA,NA,NA,NA,NA
40361,"Orreelva","02.08.2022 09:10",1.11,954,19.3,30.8,8,"18",3.76,23.2,4.06,15.8,"24",351,"58",7.76,"9",2379,0.568,1.39,12.2,"5.2",NA,11.2,820,"33",24,"7.03","3.7","0.005","0.35","0.031","0.017",0.14,5.6,NA,NA,1.24,1.12,"0.532",0.157,"17.7"
40361,"Orreelva","05.09.2022 10:00",1.1,977,17.9,27.1,5,"13",3.54,20.7,3.96,15.2,"45",264,"< 2",7.97,"7",1926,0.866,1.98,11,"5.2",NA,6.6,430,"37",32,"5.28","4.7",NA,NA,NA,NA,NA,NA,NA,NA,NA,NA,NA,NA,NA
40361,"Orreelva","03.10.2022 12:00",1.11,961,18.8,29.1,6.9,"14",3.67,21.5,3.99,15.3,"< 2",359,"< 2",7.92,"19",3095,0.997,2.29,11.7,"9.1",NA,9.5,500,"51",31,"8.91","5.4","< 0.002","0.33","0.01","0.008",0.14,1.72,6.24,0.408,1.08,0.93,"0.277",0.053,"10.4"
40361,"Orreelva","07.11.2022 09:40",0.914,892,16.6,22.4,6.1,"25",3.84,19.5,3.74,13.1,"42",274,"570",7.64,"22",1880,1.52,3.44,11.5,"11",NA,8.1,960,"77",56,"6.68","5.5",NA,NA,NA,NA,NA,NA,NA,NA,NA,NA,NA,NA,NA
40361,"Orreelva","05.12.2022 10:45",0.865,819,17.2,22.3,6.2,"26",3.76,19.4,3.47,12.3,"< 2",271,"1140",7.65,"26",1950,2.19,4.4,11.8,"19",NA,8.7,1500,"62",51,"17.7","5.2",NA,NA,NA,NA,NA,NA,NA,NA,NA,NA,NA,NA,NA
40365,"Nidelva","10.01.2022 11:15",0.244,207,3.86,3.57,2.5,"21",0.42,4.02,0.65,2.12,"3",10.5,"99",7.12,"2",90.4,0.962,2.07,1.64,"1.2",3.2,2.5,180,"3",2,"0.63","0.6",NA,NA,NA,NA,NA,NA,NA,NA,NA,NA,NA,NA,NA
40365,"Nidelva","07.02.2022 11:50",0.227,206,3.74,2.63,2.6,"21",0.4,3.36,0.63,1.61,"3",25,"94",7.1,"2",156,0.96,2.06,1.55,"1.3",3.4,2.6,200,"3",2,"1.41","0.49","< 0.002","0.069","< 0.003",NA,0.2,0.59,0.92,NA,0.69,NA,"0.022",NA,"0.51"
40365,"Nidelva","07.03.2022 12:50",0.25,221,4.15,3.48,2.5,"21",0.45,3.89,0.68,2.02,"4",47.8,"120",7.15,"2",176,0.999,2.09,1.65,"1.3",3.1,2.5,190,"4",2,"0.85","1",NA,NA,NA,NA,NA,NA,NA,NA,NA,NA,NA,NA,NA
40365,"Nidelva","04.04.2022 09:10",0.23,180,3.73,3.5,2.5,"20",0.41,3.51,0.61,1.71,"< 2",13.6,"100",7.16,"2",85.5,0.962,2.11,1.71,"1.1",4.1,2.4,190,"2",2,"1.13","0.44",NA,NA,NA,NA,NA,NA,NA,NA,NA,NA,NA,NA,NA
40365,"Nidelva","02.05.2022 09:15",0.332,250,5.3,4.99,2.9,"25",0.55,4.92,0.85,2.5,"2",27.2,"160",7.3,"3",185,1.2,2.56,2.66,"4",4.9,2.9,250,"6",5,"4.92","3.5","< 0.002","0.12","0.003",NA,0.52,0.94,0.97,NA,1.05,NA,"0.074",NA,"1.1"
40365,"Nidelva","07.06.2022 08:15",0.217,187,3.5,2.44,2.5,"20",0.38,3.23,0.57,1.51,"< 2",8.94,"93",7.09,"1",156,0.929,2.1,1.64,"1",5.7,2.5,200,"2",2,"0.87","0.39",NA,NA,NA,NA,NA,NA,NA,NA,NA,NA,NA,NA,NA
40365,"Nidelva","04.07.2022 09:30",0.203,178,3.22,2.56,2.6,"22",0.35,2.96,0.55,1.53,"2",29.6,"44",7.18,"1",232,0.835,1.73,1.34,"1.6",15.5,2.6,110,"4",4,"1.96","0.95",NA,NA,NA,NA,NA,NA,NA,NA,NA,NA,NA,NA,NA
40365,"Nidelva","01.08.2022 10:25",0.214,204,3.48,2.14,2.7,"21",0.4,3.05,0.54,1.52,"< 2",24.4,"46",7.07,"1",171,0.903,1.9,1.27,"1.9",12,2.8,120,"4",4,"1.72","1.1","< 0.002","0.08","< 0.003",NA,0.2,0.6,1.23,NA,0.66,NA,"0.025",NA,"1.2"
40365,"Nidelva","05.09.2022 10:50",0.218,202,3.4,1.82,2.5,"18",0.35,2.93,0.52,1.34,"9",22.2,"34",7.21,"< 1",139,0.789,1.79,1.17,"0.8",14.2,2.5,100,"4",3,"0.57","0.34",NA,NA,NA,NA,NA,NA,NA,NA,NA,NA,NA,NA,NA
40365,"Nidelva","05.10.2022 08:30",0.246,214,3.86,2.57,2.6,"21",0.46,3.42,0.63,1.58,"3",37.3,"72",7.21,"3",454,1.03,2.19,1.61,"4",10.4,2.6,140,"7",6,"4.15","4.2","< 0.002","0.11","0.003",NA,0.55,0.84,0.934,NA,1,NA,"0.075",NA,"1.1"
40365,"Nidelva","07.11.2022 11:05",0.221,212,3.57,2.06,2.5,"19",0.38,3.17,0.59,1.48,"7",12,"63",7.04,"< 1",91,0.906,1.99,1.25,"1",7.8,2.5,180,"2",2,"0.57","< 0.3",NA,NA,NA,NA,NA,NA,NA,NA,NA,NA,NA,NA,NA
40365,"Nidelva","05.12.2022 09:35",0.218,196,3.55,2.38,2.5,"18",0.38,3.2,0.58,1.47,"3",6.76,"84",7.16,"1",112,0.907,1.96,1.43,"1.2",5.9,2.4,140,"3.2",2,"0.62","< 0.3",NA,NA,NA,NA,NA,NA,NA,NA,NA,NA,NA,NA,NA
40372,"Pasvikelva","09.01.2022 12:00",0.246,220,2.93,1.12,2.8,"15",0.38,3.25,1.03,1.53,"8",12,"46",7.1,"< 1",87,2.62,5.97,2.5,"< 0.4",3.1,2.8,150,"2",1,"< 0.5","< 0.3",NA,NA,NA,NA,NA,NA,NA,NA,NA,NA,NA,NA,NA
40372,"Pasvikelva","06.02.2022 12:00",0.256,256,3.22,1.84,3,"15",0.55,3.48,1.16,2.19,"14",19.3,"53",7.23,"3",184,2.81,5.99,2.57,"< 0.7",3.1,3.5,280,"5",1,"0.54","< 0.3","0.0038","0.052","< 0.003",NA,0.18,1.45,0.4,NA,1.1,NA,"0.021",NA,"3.2"
40372,"Pasvikelva","08.03.2022 08:30",0.246,228,2.88,1,2.6,"14",0.4,3.27,1.05,1.56,"8",17.4,"49",6.99,"< 1",111,2.56,5.67,2.32,"< 0.9",3,2.6,130,"2",1,"< 0.29","< 0.3",NA,NA,NA,NA,NA,NA,NA,NA,NA,NA,NA,NA,NA
40372,"Pasvikelva","03.04.2022 13:30",0.245,223,2.99,1.11,2.7,"14",0.38,3.28,1.06,1.59,"4",8.1,"89",7.05,"< 1",59.8,2.75,5.91,2.64,"< 0.5",0.6,2.6,110,"< 1",1,"0.26","< 0.3",NA,NA,NA,NA,NA,NA,NA,NA,NA,NA,NA,NA,NA
40372,"Pasvikelva","01.05.2022 06:15",0.242,225,3.02,1.41,3.1,"18",0.43,3.39,1.09,1.7,"6",18.4,"54",7.07,"2",127,2.79,5.74,2.74,"0.6",0.1,3.2,160,"5",4,"0.45","< 0.3","< 0.002","0.061","< 0.003",NA,0.14,0.65,0.55,NA,1.6,NA,"0.012",NA,"0.94"
40372,"Pasvikelva","03.06.2022 07:15",0.24,234,4,1.67,3.7,"27",0.45,4.46,1.34,2,"2",27.1,"34",7.03,"2",338,2.3,4.73,5.99,"1.4",10,3.9,110,"6",5,"1.84","0.81",NA,NA,NA,NA,NA,NA,NA,NA,NA,NA,NA,NA,NA
40372,"Pasvikelva","26.06.2022 09:00",0.234,219,2.9,1.33,3.5,"20",0.43,3.2,1.06,1.63,"< 2",72,"< 2",7.11,"3",843,2.29,4.84,2.75,"6.1",14,3.5,130,"8",9,"5.37","1",NA,NA,NA,NA,NA,NA,NA,NA,NA,NA,NA,NA,NA
40372,"Pasvikelva","01.08.2022 07:45",0.245,233,2.94,1.14,3.2,"15",0.37,3.25,1.12,1.56,"< 2",18.5,"< 2",7.17,"1",166,2.32,4.91,2.43,"0.7",17,3.1,95,"4",3,"0.73","0.43","< 0.002","0.069","< 0.003",NA,0.11,0.74,0.64,NA,2.73,NA,"0.008",NA,"0.36"
40372,"Pasvikelva","05.09.2022 13:15",0.242,228,2.89,1.01,3.2,"17",0.37,3.19,1.02,1.62,"13",33.7,"< 2",7.24,"2",226,2.42,5.2,2.46,"1.1",11.2,3.2,90,"5",4,"0.88","0.5",NA,NA,NA,NA,NA,NA,NA,NA,NA,NA,NA,NA,NA
40372,"Pasvikelva","02.10.2022 14:30",0.262,234,3.38,1.47,3.2,"17",0.48,3.71,1.19,1.74,"7",45.1,"4",7.17,"2",611,2.44,5.47,3.8,"1.8",7.3,3.3,87,"7",6,"1.74","0.65","< 0.002","0.087","0.003",NA,0.15,1.31,0.791,NA,6.15,NA,"0.016",NA,"0.5"
40372,"Pasvikelva","07.11.2022 12:00",0.257,240,3.48,1.56,3.6,"21",0.43,3.87,1.29,1.83,"34",57.8,"28",7.18,"3",683,2.88,5.98,4.06,"2.4",1.1,3.6,130,"7",NA,"1.67","0.94",NA,NA,NA,NA,NA,NA,NA,NA,NA,NA,NA,NA,NA
40372,"Pasvikelva","04.12.2022 14:00",0.245,240,3.09,1.32,3.1,"16",0.43,3.31,1.17,1.7,"14",8.3,"52",7.09,"1",122,2.88,6.06,2.62,"< 0.4",3,3.1,120,"3",2,"< 0.33","0.31",NA,NA,NA,NA,NA,NA,NA,NA,NA,NA,NA,NA,NA
40373,"Tana","10.01.2022 11:50",0.449,410,5.87,2.07,1.9,"13",0.78,5.94,1.81,2.43,"< 2",7.8,"70",7.18,"1",57.3,4.59,11.5,4.54,"< 0.4",0,1.9,180,"3",1,"< 0.5","0.3",NA,NA,NA,NA,NA,NA,NA,NA,NA,NA,NA,NA,NA
40373,"Tana","07.02.2022 13:30",0.483,459,6.5,2.68,1.7,"11",0.85,6.62,2.01,2.9,"6",18.6,"72",7.28,"1",159,4.79,12,4.68,"< 0.4",0,1.8,170,"2",2,"0.33","< 0.3","< 0.002","< 0.025","< 0.003",NA,0.29,0.34,0.42,NA,0.27,NA,"0.011",NA,"0.65"
40373,"Tana","07.03.2022 12:00",0.5,471,6.67,2.76,1.5,"10",0.93,6.84,2,3.06,"7",24.6,"79",7.18,"1",178,4.83,13,4.78,"0.6",0,1.6,130,"3",2,"< 0.33","< 0.3",NA,NA,NA,NA,NA,NA,NA,NA,NA,NA,NA,NA,NA
40373,"Tana","04.04.2022 12:15",0.542,469,6.89,4.63,1.6,"9",0.98,7.94,2.13,4.06,"26",19.9,"97",7.42,"< 1",135,4.81,12,5.5,"< 0.6",0,1.5,170,"6",4,"0.51","< 0.3",NA,NA,NA,NA,NA,NA,NA,NA,NA,NA,NA,NA,NA
40373,"Tana","07.06.2022 13:30",0.192,175,2.34,2.07,3.5,"32",0.45,2.86,0.81,1.74,"8",18.9,"3",6.95,"2",259,1.97,4.15,1.77,"1.7",10.5,3.6,91,"7",4,"1.69","0.61",NA,NA,NA,NA,NA,NA,NA,NA,NA,NA,NA,NA,NA
40373,"Tana","01.07.2022 12:30",0.268,249,3.4,2.59,2.4,"17",0.58,3.89,1.09,2.34,"7",17.7,"7",7.31,"2",182,2.36,4.86,2.57,"1",19.8,2.5,85,"4",4,"1.1","< 0.3",NA,NA,NA,NA,NA,NA,NA,NA,NA,NA,NA,NA,NA
40373,"Tana","15.08.2022 11:00",0.338,291,3.92,2.41,4.3,"31",0.5,4.28,1.26,2.33,"10",24.2,"5",7.32,"1",226,2.98,7.4,2.62,"0.9",12.6,4.3,130,"5",3,"0.83","0.52","< 0.002","0.041","< 0.003",NA,0.31,0.43,1.08,NA,0.4,NA,"0.013",NA,"1.4"
40373,"Tana","12.09.2022 11:30",0.4,356,4.93,3.29,2.9,"18",0.48,5.84,1.57,3.32,"9",52,"5",7.49,"1",284,2.98,6.97,3.98,"2",9.2,2.9,79,"5",5,"1.29","0.37",NA,NA,NA,NA,NA,NA,NA,NA,NA,NA,NA,NA,NA
40373,"Tana","03.10.2022 09:30",0.334,300,4.11,2.64,3.3,"23",0.59,4.61,1.36,2.45,"< 2",23.5,"15",7.34,"< 1",421,3.19,7.44,3.05,"0.7",4.9,3.3,98,"4",4,"0.69","0.37","< 0.002","0.05","< 0.003",NA,0.3,0.33,0.875,NA,0.34,NA,"0.011",NA,"0.37"
40373,"Tana","08.11.2022 13:15",0.339,315,4.38,2.71,2.8,"19",0.59,4.81,1.49,2.51,"7",16.1,"34",7.33,"< 1",228,4.13,8.09,3.45,"< 0.8",0,2.8,95,"3",3,"1.04","0.36",NA,NA,NA,NA,NA,NA,NA,NA,NA,NA,NA,NA,NA
40374,"Vosso","10.01.2022 12:40",0.078,47,1.02,1.58,1.3,"11",0.23,1.48,0.26,1.04,"6",22.8,"160",6.42,"2",139,0.58,1.38,0.99,"0.6",NA,1.4,230,"4",3,"0.71","0.56",NA,NA,NA,NA,NA,NA,NA,NA,NA,NA,NA,NA,NA
40374,"Vosso","07.02.2022 12:05",0.078,47,1.02,2.14,1.3,"10",0.24,1.62,0.32,1.24,"9",23.5,"140",6.46,"2",202,0.572,1.25,0.98,"1",NA,1.3,170,"4",3,"0.82","0.47","< 0.002","0.073","0.0071",NA,0.076,0.37,1.01,NA,0.32,NA,"0.064",NA,"1.4"
40374,"Vosso","07.03.2022 12:35",0.073,39,1.02,2.7,0.9,"7",0.25,1.75,0.33,1.38,"4",37.7,"130",6.4,"1",192,0.544,1.18,0.96,"1",NA,0.92,180,"3",2,"< 0.67","0.56",NA,NA,NA,NA,NA,NA,NA,NA,NA,NA,NA,NA,NA
40374,"Vosso","04.04.2022 16:15",0.084,35,1.16,3.02,0.96,"7",0.28,1.86,0.35,1.46,"< 2",9.17,"160",6.49,"1",119,0.561,1.25,1.25,"0.8",NA,0.99,230,"4",2,"0.53","0.39",NA,NA,NA,NA,NA,NA,NA,NA,NA,NA,NA,NA,NA
40374,"Vosso","03.05.2022 14:15",0.086,50,1.33,3.55,1.1,"8",0.34,2.22,0.45,1.86,"9",15.1,"180",6.6,"< 1",132,0.616,1.38,1.45,"1.1",NA,1.2,220,"2",2,"0.59","< 0.3","< 0.002","0.061","0.004",NA,0.055,0.34,0.71,NA,0.34,NA,"0.022",NA,"1.1"
40374,"Vosso","07.06.2022 12:40",0.049,44,0.996,2.19,1.1,"7",0.23,1.48,0.25,1.28,"8",12.7,"87",6.14,"< 1",254,0.514,1.18,0.97,"< 0.6",9.6,1.1,160,"3",3,"0.69","< 0.3",NA,NA,NA,NA,NA,NA,NA,NA,NA,NA,NA,NA,NA
40374,"Vosso","04.07.2022 12:15",0.06,30,0.515,1.27,1.1,"9",0.17,0.96,0.17,0.88,"4",27.4,"37",6.33,"< 1",167,0.363,0.79,0.66,"0.5",NA,1.2,75,"2",2,"0.73","0.33",NA,NA,NA,NA,NA,NA,NA,NA,NA,NA,NA,NA,NA
40374,"Vosso","01.08.2022 14:24",0.067,33,0.591,1.12,0.88,"6",0.14,1.01,0.19,0.81,"2",15.5,"40",6.4,"< 1",128,0.326,0.72,0.78,"0.9",NA,0.84,80,"2",2,"0.49","< 0.3","< 0.002","0.047","0.003",NA,0.038,0.29,0.69,NA,0.21,NA,"0.034",NA,"1.1"
40374,"Vosso","05.09.2022 13:10",0.081,49,0.719,0.94,1.2,"7",0.18,1.19,0.21,0.9,"13",30.8,"47",6.63,"< 1",165,0.39,0.85,0.85,"< 0.6",NA,1.2,110,"3",3,"0.48","0.35",NA,NA,NA,NA,NA,NA,NA,NA,NA,NA,NA,NA,NA
40374,"Vosso","03.10.2022 14:00",0.079,40,0.781,1.24,1,"7",0.18,1.19,0.22,0.92,"9",14.8,"67",6.51,"< 1",325,0.346,0.83,1.04,"< 0.4",NA,1.2,110,"2",2,"0.84","< 0.3","< 0.002","0.074","0.003",NA,0.031,0.28,0.743,NA,0.24,NA,"0.024",NA,"0.6"
40374,"Vosso","07.11.2022 14:00",0.074,58,0.912,1.26,1.6,"12",0.23,1.34,0.26,1,"11",14.6,"91",6.43,"< 1",200,0.543,1.23,0.79,"0.5",NA,1.6,160,"3",3,"0.58","0.36",NA,NA,NA,NA,NA,NA,NA,NA,NA,NA,NA,NA,NA
40374,"Vosso","05.12.2022 14:40",0.077,47,0.917,1.51,1.3,"10",0.24,1.34,0.27,1,"11",30.3,"120",6.51,"2",186,0.529,1.12,0.93,"1.4",NA,1.3,160,"3",3,"1.25","0.5",NA,NA,NA,NA,NA,NA,NA,NA,NA,NA,NA,NA,NA
40375,"Driva","10.01.2022 11:30",0.196,145,3.48,2.48,0.99,"6",0.65,3.33,0.44,1.57,"< 2",9.21,"200",6.98,"1",51.1,1.37,2.97,3.17,"0.8",0.5,1,220,"1",1,"< 0.32","< 0.3",NA,NA,NA,NA,NA,NA,NA,NA,NA,NA,NA,NA,NA
40375,"Driva","07.02.2022 11:30",0.244,210,5.23,3.36,1.1,"6",1.01,4.85,0.64,2.17,"< 2",28.2,"310",7.12,"< 1",214,1.94,4,5.15,"0.7",0.5,1.1,370,"2",1,"0.46","< 0.3","0.026","0.083","0.004",NA,0.15,0.56,0.62,NA,0.19,NA,"0.039",NA,"0.33"
40375,"Driva","07.03.2022 12:00",0.272,224,5.2,3.65,1.1,"6",1.03,4.99,0.66,2.32,"< 2",23.5,"320",7.16,"< 1",275,1.72,3.62,4.38,"< 1.1",1,1.1,350,"1",1,"< 0.33","< 0.3",NA,NA,NA,NA,NA,NA,NA,NA,NA,NA,NA,NA,NA
40375,"Driva","04.04.2022 11:00",0.285,189,5.32,5.73,1.5,"9",1.12,5.23,0.69,2.64,"< 2",9.13,"330",7.14,"< 1",111,1.46,3.19,4.39,"< 0.8",2,1.5,420,"2",1,"0.35","< 0.3",NA,NA,NA,NA,NA,NA,NA,NA,NA,NA,NA,NA,NA
40375,"Driva","02.05.2022 22:30",0.266,222,5.07,4.02,1.9,"11",1.02,4.8,0.65,2.18,"4",17.3,"280",7.23,"< 1",125,1.37,2.87,3.48,"1.4",2.1,1.9,380,"2",1,"0.85","< 0.3","< 0.002","0.041","< 0.003",NA,0.14,0.83,0.65,NA,0.24,NA,"< 0.005",NA,"0.27"
40375,"Driva","07.06.2022 11:00",0.153,135,2.64,2.25,1.3,"9",0.54,2.66,0.37,1.29,"3",20.8,"37",6.97,"4",287,1.12,2.42,1.5,"3.9",6.6,1.3,84,"5",4,"4.68","0.83",NA,NA,NA,NA,NA,NA,NA,NA,NA,NA,NA,NA,NA
40375,"Driva","04.07.2022 15:00",0.135,97,1.85,1.34,1,"7",0.49,1.94,0.26,1.01,"< 2",20,"43",6.93,"15",224,1.66,2.52,1.54,"12.1",12,1,85,"15",13,"15.5","2.8",NA,NA,NA,NA,NA,NA,NA,NA,NA,NA,NA,NA,NA
40375,"Driva","01.08.2022 11:00",0.17,132,2.41,1.12,0.86,"4",0.59,2.3,0.28,1.11,"< 2",13.1,"41",7,"3",161,0.981,2.08,1.94,"2.2",12.5,0.87,76,"3",3,"4.14","0.46","< 0.002","< 0.025","< 0.003",NA,0.18,0.47,0.72,NA,0.18,NA,"0.024",NA,"0.45"
40375,"Driva","05.09.2022 11:30",0.273,241,4.72,1.56,0.62,"< 2",0.97,4.11,0.52,1.62,"4",9.33,"110",7.3,"< 1",70.6,1.25,2.88,3.89,"1.2",11.1,0.61,150,"1",1,"< 0.4","< 0.3",NA,NA,NA,NA,NA,NA,NA,NA,NA,NA,NA,NA,NA
40375,"Driva","03.10.2022 15:00",0.275,230,4.64,1.58,1,"5",0.86,3.97,0.54,1.43,"< 2",17.3,"100",7.29,"< 1",334,1.52,3.23,3.77,"< 0.6",7.1,1,150,"1",0.9,"0.51","< 0.3","< 0.002","< 0.025","< 0.003",NA,0.13,0.49,0.381,NA,0.13,NA,"< 0.005",NA,"0.23"
40375,"Driva","07.11.2022 15:00",0.241,220,4.28,1.69,0.87,"4",0.8,3.89,0.52,1.53,"5",11.1,"110",7.23,"< 1",90.5,1.55,3.41,3.25,"< 0.8",5,0.92,200,"1",1,"0.61","< 0.3",NA,NA,NA,NA,NA,NA,NA,NA,NA,NA,NA,NA,NA
40375,"Driva","05.12.2022 11:00",0.173,141,2.89,2.33,1,"5",0.58,2.92,0.41,1.59,"7",40,"95",7.01,"< 1",70.2,1.19,2.52,2.33,"0.5",1,1.1,120,"1",1,"0.26","< 0.3",NA,NA,NA,NA,NA,NA,NA,NA,NA,NA,NA,NA,NA
40383,"Bjerkreimselva","04.01.2022 17:00",0.071,25,1.1,5.48,1.4,"12",0.23,2.83,0.46,2.95,"< 2",17.1,"310",6.42,"1",118,0.757,1.64,1.21,"< 1.3",3.4,1.5,390,"2",2.1,"< 0.5","0.46",NA,NA,NA,NA,NA,NA,NA,NA,NA,NA,NA,NA,NA
40383,"Bjerkreimselva","07.02.2022 16:00",0.077,29,1.52,9.35,1.5,"11",0.39,4.37,0.81,4.76,"2",30.4,"430",6.54,"1",212,0.856,1.85,1.71,"0.6",3.6,1.5,470,"4",3,"0.47","0.38","< 0.002","0.066","0.019","0.019",0.051,0.24,1,0.7,0.14,0.14,"0.144",0.09,"2.9"
40383,"Bjerkreimselva","08.03.2022 17:00",0.084,45,1.41,7.12,1.3,"10",0.34,3.73,0.7,3.87,"4",31.5,"390",6.58,"< 1",280,0.785,1.66,1.49,"0.7",3.6,1.3,470,"3",2,"0.34","< 0.3",NA,NA,NA,NA,NA,NA,NA,NA,NA,NA,NA,NA,NA
40383,"Bjerkreimselva","05.04.2022 09:15",0.089,63,1.44,7.35,1.5,"11",0.38,3.93,0.7,4.26,"39",18.6,"310",6.61,"1",199,0.804,1.79,1.56,"1",4.5,1.8,520,"4",2,"0.9","0.45",NA,NA,NA,NA,NA,NA,NA,NA,NA,NA,NA,NA,NA
40383,"Bjerkreimselva","02.05.2022 15:30",0.076,16,1.05,5.96,1.4,"11",0.21,2.86,0.52,3.08,"12",23.4,"310",6.59,"< 1",142,0.603,1.35,1.36,"0.9",8.9,1.4,360,"2",2,"0.67","< 0.3","< 0.002","0.074","0.014","0.012",0.049,0.18,0.65,0.61,0.1,0.12,"0.104",0.075,"1.9"
40383,"Bjerkreimselva","07.06.2022 18:00",0.087,35,1.17,6.28,1.4,"10",0.24,3.15,0.59,3.4,"11",12,"260",6.65,"< 1",236,0.56,1.32,1.44,"< 0.6",15.9,1.4,320,"3",3,"0.49","< 0.3",NA,NA,NA,NA,NA,NA,NA,NA,NA,NA,NA,NA,NA
40383,"Bjerkreimselva","04.07.2022 11:20",0.077,32,1.14,6.31,1.5,"10",0.22,2.97,0.61,3.3,"4",22.6,"250",6.63,"< 1",214,0.557,1.21,1.36,"0.8",17.2,1.6,320,"3",3,"0.53","< 0.3",NA,NA,NA,NA,NA,NA,NA,NA,NA,NA,NA,NA,NA
40383,"Bjerkreimselva","02.08.2022 18:00",0.079,36,1.17,6.2,1.8,"10",0.26,3.04,0.65,3.23,"< 2",15.7,"280",6.58,"1",164,0.51,1.14,1.34,"0.9",16.8,1.8,330,"4",3,"0.68","0.44","0.005","0.11","0.012","0.009",0.045,0.23,0.71,0.58,0.12,0.11,"0.11",0.063,"2.5"
40383,"Bjerkreimselva","05.09.2022 13:15",0.085,58,1.02,5.31,1.6,"9",0.25,3.04,0.57,3.31,"16",61.7,"210",6.66,"< 1",498,0.563,1.26,1.22,"1.2",17.3,1.7,360,"5",4,"0.53","0.46",NA,NA,NA,NA,NA,NA,NA,NA,NA,NA,NA,NA,NA
40383,"Bjerkreimselva","04.10.2022 14:30",0.086,37,1.22,6.45,1.9,"12",0.27,3.15,0.61,3.47,"< 2",20.6,"270",6.56,"< 1",403,0.627,1.38,1.45,"0.9",12.6,1.9,360,"4",3,"0.4","0.35","< 0.002","0.091","0.014","0.013",0.058,0.22,0.866,0.664,0.13,0.11,"0.097",0.06,"1.8"
40383,"Bjerkreimselva","07.11.2022 13:00",0.084,72,1.33,6.25,2.1,"15",0.4,3.54,0.64,3.9,"7",32.8,"270",6.42,"2",343,0.781,1.78,1.5,"< 0.8",9.4,2.2,380,"6",4,"0.6","0.41",NA,NA,NA,NA,NA,NA,NA,NA,NA,NA,NA,NA,NA
40383,"Bjerkreimselva","05.12.2022 10:00",0.083,41,1.34,6.45,1.7,"13",0.31,3.24,0.64,3.48,"9",7.79,"350",6.51,"1",153,0.831,1.78,1.47,"< 0.8",4.5,1.8,410,"3",3,"0.56","< 0.3",NA,NA,NA,NA,NA,NA,NA,NA,NA,NA,NA,NA,NA
40387,"Vikedalselva","10.01.2022 10:30",0.101,67,1.55,3.08,1,"9",0.28,2.49,0.42,2.02,"5",17.6,"330",6.56,"< 1",115,0.577,1.35,1.4,"0.7",NA,1.1,380,"2",2,"< 0.33","< 0.3",NA,NA,NA,NA,NA,NA,NA,NA,NA,NA,NA,NA,NA
40387,"Vikedalselva","07.02.2022 13:30",0.08,50,1.38,4.21,1.2,"8",0.28,2.72,0.44,2.36,"< 2",19.3,"260",6.59,"2",380,0.485,1.08,1.31,"1.1",NA,1,310,"3",2,"0.59","< 0.3","< 0.002","0.095","0.013","0.011",0.035,0.64,1.17,0.59,0.37,0.31,"0.053",0.054,"8.7"
40387,"Vikedalselva","07.03.2022 09:15",0.097,47,1.7,5.76,0.88,"7",0.32,3.25,0.59,2.86,"3",56.4,"350",6.67,"< 1",199,0.571,1.25,1.53,"< 1",NA,0.97,390,"2",1,"< 0.4","< 0.3",NA,NA,NA,NA,NA,NA,NA,NA,NA,NA,NA,NA,NA
40387,"Vikedalselva","04.04.2022 08:30",0.103,36,1.61,6.12,1.6,"14",0.62,3.23,0.55,2.93,"10",127,"360",6.67,"14",442,0.5,1.14,1.66,"1.4",NA,1.8,500,"22",9,"1.61","1.3",NA,NA,NA,NA,NA,NA,NA,NA,NA,NA,NA,NA,NA
40387,"Vikedalselva","02.05.2022 09:30",NA,NA,NA,NA,NA,NA,NA,NA,NA,NA,NA,NA,NA,NA,NA,NA,NA,NA,NA,NA,NA,NA,NA,NA,NA,NA,NA,NA,NA,NA,NA,NA,NA,NA,NA,NA,NA,NA,NA,NA
40387,"Vikedalselva","02.05.2022 10:00",0.076,20,0.995,4.62,1,"8",0.19,2.32,0.41,2.33,"9",21.7,"140",6.55,"< 1",325,0.449,0.91,1.42,"1",NA,1,170,"2",2,"0.48","< 0.3","< 0.002","0.13","0.01","0.009",0.035,0.42,1.12,0.56,0.28,0.29,"0.04",0.042,"2.5"
40387,"Vikedalselva","07.06.2022 11:40",0.073,28,0.924,4.08,1.1,"7",0.21,2.25,0.39,2.29,"< 2",18.2,"120",6.49,"< 1",193,0.292,0.73,1.49,"0.6",NA,1.1,200,"2",2,"0.58","< 0.3",NA,NA,NA,NA,NA,NA,NA,NA,NA,NA,NA,NA,NA
40387,"Vikedalselva","04.07.2022 09:45",0.071,36,0.968,3.82,2.1,"17",0.28,2.13,0.41,2.16,"16",34.8,"180",6.46,"12",401,0.347,0.78,1.26,"2.3",NA,2.2,270,"17",12,"2.53","0.86",NA,NA,NA,NA,NA,NA,NA,NA,NA,NA,NA,NA,NA
40387,"Vikedalselva","08.08.2022 09:40",0.071,36,0.862,3.24,2.4,"18",0.17,1.9,0.4,1.9,"< 2",22.9,"170",6.32,"2",279,0.319,0.72,1.13,"1.6",NA,2.4,250,"4",4,"1.03","0.52","< 0.002","0.2","0.012","0.01",0.047,0.49,1.43,1.2,0.39,0.41,"0.1",0.099,"3.6"
40387,"Vikedalselva","05.09.2022 08:30",0.097,89,1.55,3.06,1.6,"10",0.34,2.63,0.46,2.25,"9",20.4,"250",6.7,"1",170,0.455,1.06,1.36,"< 0.7",NA,1.5,350,"5",4,"0.46","< 0.3",NA,NA,NA,NA,NA,NA,NA,NA,NA,NA,NA,NA,NA
40387,"Vikedalselva","03.10.2022 09:00",0.086,67,1.19,3.22,2.3,"16",0.27,2.25,0.42,2.15,"< 2",25.2,"160",6.52,"1",443,0.423,0.98,1.22,"1.3",NA,2.3,270,"5",4,"1.13","0.81","< 0.002","0.23","0.009","0.006",0.052,0.57,1.46,1.09,0.39,0.39,"0.067",0.069,"3.7"
40387,"Vikedalselva","07.11.2022 08:45",0.07,58,0.941,3,1.8,"14",0.26,2.08,0.39,2.03,"10",30.2,"140",6.39,"2",231,0.434,1,1.03,"1.7",NA,1.8,290,"5",5,"1","0.44",NA,NA,NA,NA,NA,NA,NA,NA,NA,NA,NA,NA,NA
40387,"Vikedalselva","05.12.2022 09:30",0.103,80,1.67,3.73,1.1,"8",0.32,2.82,0.52,2.34,"14",11.3,"270",6.73,"1",138,0.681,1.49,1.51,"< 0.4",NA,1.1,330,"2",2,"0.43","< 0.3",NA,NA,NA,NA,NA,NA,NA,NA,NA,NA,NA,NA,NA
40391,"Nausta","10.01.2022 16:40",0.058,25,0.666,2.79,1.4,"14",0.22,1.62,0.28,1.58,"< 2",14,"140",6.18,"< 1",101,0.719,1.68,0.79,"0.7",0,1.4,180,"3",1,"< 1","< 0.3",NA,NA,NA,NA,NA,NA,NA,NA,NA,NA,NA,NA,NA
40391,"Nausta","07.02.2022 10:20",0.059,15,0.723,4.98,1.1,"10",0.27,2.23,0.43,2.33,"< 2",15.9,"97",6.18,"1",164,0.599,1.31,0.84,"1",0.3,1.1,170,"2",1,"0.34","< 0.3","< 0.002","0.028","0.0033",NA,0.036,0.15,0.74,NA,0.13,NA,"0.041",NA,"1.4"
40391,"Nausta","02.03.2022 11:30",0.063,29,1.3,8.29,1.4,"11",0.54,3.61,0.74,3.54,"< 2",17.6,"160",6.25,"4",205,0.742,1.62,0.94,"1",2.6,1.5,240,"5",2,"0.7","0.34",NA,NA,NA,NA,NA,NA,NA,NA,NA,NA,NA,NA,NA
40391,"Nausta","05.04.2022 09:40",0.067,42,1.08,6.68,1.2,"9",0.38,3.23,0.62,3.31,"3",15.9,"90",6.38,"1",116,0.64,1.44,1.03,"< 0.7",0.4,1.1,180,"9",1,"0.44","< 0.3",NA,NA,NA,NA,NA,NA,NA,NA,NA,NA,NA,NA,NA
40391,"Nausta","03.05.2022 09:45",0.053,32,0.623,4.71,1.6,"15",0.21,2.27,0.4,2.64,"9",12.3,"12",6.2,"< 1",144,0.441,1,0.88,"1.6",3.4,1.6,90,"2",2,"0.52","< 0.3","< 0.002","< 0.025","0.004",NA,0.03,0.14,0.75,NA,0.11,NA,"0.041",NA,"1.2"
40391,"Nausta","07.06.2022 09:00",0.051,26,0.356,2.12,1.1,"11",0.12,1.24,0.21,1.38,"3",13.4,"14",6.25,"< 1",232,0.25,0.6,0.55,"1.1",7.9,1.1,46,"3",2,"0.71","< 0.3",NA,NA,NA,NA,NA,NA,NA,NA,NA,NA,NA,NA,NA
40391,"Nausta","05.07.2022 09:15",0.051,29,0.353,1.41,1.7,"18",0.13,1.03,0.17,1.1,"3",22.7,"25",6.14,"1",190,0.252,0.56,0.61,"0.6",10.7,1.7,75,"5",4,"0.81","0.34",NA,NA,NA,NA,NA,NA,NA,NA,NA,NA,NA,NA,NA
40391,"Nausta","02.08.2022 10:45",0.058,35,0.432,1.42,2,"17",0.15,1.07,0.22,1.1,"< 2",18.3,"46",6.29,"1",203,0.224,0.51,0.61,"< 0.8",12,2.1,110,"4",3,"0.84","< 0.3","< 0.002","0.042","< 0.003",NA,0.051,0.17,1.33,NA,0.095,NA,"0.042",NA,"0.51"
40391,"Nausta","07.09.2022 09:40",0.083,57,0.674,1.52,1.5,"13",0.24,1.41,0.28,1.38,"< 2",18.4,"87",6.59,"1",160,0.352,0.83,0.79,"1.2",11.7,1.5,160,"4",2,"< 0.5","< 0.3",NA,NA,NA,NA,NA,NA,NA,NA,NA,NA,NA,NA,NA
40391,"Nausta","04.10.2022 07:10",0.079,51,0.655,1.9,2.7,"23",0.27,1.41,0.3,1.39,"2",23.5,"76",6.41,"2",406,0.45,1.07,0.72,"0.5",9.5,2.7,150,"5",3,"0.83","< 0.3","< 0.002","0.04","0.003",NA,0.045,0.2,1.35,NA,0.1,NA,"0.046",NA,"0.81"
40391,"Nausta","02.11.2022 09:00",0.06,31,0.492,2.31,2.8,"30",0.24,1.28,0.29,1.37,"4",21.7,"66",6.07,"3",211,0.552,1.25,0.63,"1",9.9,2.8,130,"6",4,"0.86","0.4",NA,NA,NA,NA,NA,NA,NA,NA,NA,NA,NA,NA,NA
40391,"Nausta","06.12.2022 10:50",0.08,53,1.04,2.82,1.3,"11",0.38,2,0.44,1.73,"5",5.67,"230",6.36,"2",110,1.06,2.26,1.17,"< 0.8",0.3,1.3,280,"4",1,"< 0.3","< 0.3",NA,NA,NA,NA,NA,NA,NA,NA,NA,NA,NA,NA,NA
40411,"Storelva","09.01.2022 15:00",0.093,78,1.82,4.91,5.6,"46",0.33,3.16,0.5,2.85,"31",38.7,"170",6.31,"1",328,1.74,3.89,1.73,"1.2",NA,5.7,380,"5",3,"< 0.5","0.69",NA,NA,NA,NA,NA,NA,NA,NA,NA,NA,NA,NA,NA
40411,"Storelva","07.02.2022 13:20",0.088,68,1.9,6.43,5.7,"47",0.36,3.61,0.57,3.53,"26",37,"200",6.48,"1",327,1.89,3.92,1.98,"0.9",NA,5.8,380,"4",3,"1.33","0.6","< 0.002","0.21","0.041","0.038",0.22,0.61,1.96,1.6,0.63,0.53,"0.319",0.255,"7.3"
40411,"Storelva","07.03.2022 13:00",0.084,61,1.75,5.62,6,"49",0.35,3.24,0.51,3.13,"15",34.7,"230",6.33,"1",317,1.74,3.62,1.83,"1.1",NA,6,380,"5",3,"0.95","0.71",NA,NA,NA,NA,NA,NA,NA,NA,NA,NA,NA,NA,NA
40411,"Storelva","04.04.2022 09:15",0.091,67,1.7,4.87,5.7,"49",0.4,3.04,0.49,2.98,"24",27.9,"240",6.32,"1",267,1.67,3.58,2.1,"2",NA,5.7,410,"5",4,"1.52","1.1",NA,NA,NA,NA,NA,NA,NA,NA,NA,NA,NA,NA,NA
40411,"Storelva","03.05.2022 15:30",0.093,71,1.66,3.92,4.8,"37",0.36,2.69,0.42,2.41,"13",34.5,"150",6.56,"2",387,1.18,2.56,1.88,"1.4",NA,4.9,320,"5",4,"2.25","1.1","< 0.002","0.2","0.028","0.026",0.19,0.62,1.61,1.38,0.45,0.43,"0.291",0.164,"5.7"
40411,"Storelva","07.06.2022 09:00",0.122,118,2.08,3.78,4.4,"30",0.37,3.05,0.45,2.58,"7",30.7,"62",6.74,"2",345,0.519,1.21,1.62,"1.5",NA,4.5,220,"6",4,"1.62","0.84",NA,NA,NA,NA,NA,NA,NA,NA,NA,NA,NA,NA,NA
40411,"Storelva","05.07.2022 08:00",0.129,113,2.01,4.25,4,"24",0.43,3.15,0.47,2.85,"12",33.9,"47",6.76,"2",315,0.373,0.77,1.83,"1.4",NA,4,200,"7",5,"1.61","0.9",NA,NA,NA,NA,NA,NA,NA,NA,NA,NA,NA,NA,NA
40411,"Storelva","01.08.2022 09:00",NA,NA,NA,NA,NA,NA,NA,NA,NA,NA,NA,NA,NA,NA,NA,NA,NA,NA,NA,NA,NA,NA,NA,NA,NA,NA,NA,NA,NA,NA,NA,NA,NA,NA,NA,NA,NA,NA,NA,NA
40411,"Storelva","05.09.2022 08:30",0.137,137,2.37,4.74,5.1,"30",0.51,3.67,0.56,3.31,"18",39.5,"76",6.74,"2",298,0.795,1.74,2.19,"1.6",NA,5.2,270,"9",6,"1.3","1.1",NA,NA,NA,NA,NA,NA,NA,NA,NA,NA,NA,NA,NA
40411,"Storelva","04.10.2022 07:40",0.098,85,1.89,4.9,7.7,"55",0.43,3.09,0.56,2.91,"23",36.3,"120",6.26,"2",807,1.41,3.1,2.23,"2.9",NA,7.9,360,"10",6,"2.68","1.5","< 0.002","0.3","0.042","0.036",0.27,0.99,2.58,2.01,0.81,0.59,"0.575",0.306,"8.5"
40411,"Storelva","07.11.2022 08:35",0.093,115,1.92,7.58,7.8,"66",0.57,4.38,0.8,4.7,"20",58.8,"120",6.37,"6",747,1.79,3.91,2.06,"7.2",NA,7.9,470,"17",12,"7.9","5.7",NA,NA,NA,NA,NA,NA,NA,NA,NA,NA,NA,NA,NA
40411,"Storelva","06.12.2022 08:30",0.1,85,1.91,3.45,5.8,"43",0.29,2.45,0.38,2.01,"27",15.3,"120",6.55,"2",334,1.34,2.86,1.46,"1.4",NA,5.8,270,"5",5,"1.15","0.82",NA,NA,NA,NA,NA,NA,NA,NA,NA,NA,NA,NA,NA
62167,"Alna","03.01.2022 12:00",1.62,1637,37.7,379,1.5,"13",2.92,149,6.7,237,"260",56.6,"930",7.8,"49",546,2.99,6.4,20.3,"4.4",3.1,1.6,1500,"61",21,"3.26","2.6",NA,NA,NA,NA,NA,NA,NA,NA,NA,NA,NA,NA,NA
62167,"Alna","07.02.2022 00:00",1.46,998,34.3,140,2.9,"14",2.47,60.7,6.26,70.7,"130",89.5,"700",7.95,"61",694,3.15,7.4,17.7,"5.6",1.6,2.9,1200,"73",27,"6.28","2.5","0.0023","0.26","0.032",NA,0.26,1.85,1.59,NA,0.69,NA,"0.274",NA,"7.8"
62167,"Alna","07.03.2022 11:00",1.54,1324,38.1,134,2.9,"15",2.76,63.3,6.68,70.3,"180",123,"850",7.98,"42",738,2.88,8.6,19.9,"5.5",3.1,2.9,1400,"64",36,NA,"3.2",NA,NA,NA,NA,NA,NA,NA,NA,NA,NA,NA,NA,NA
62167,"Alna","04.04.2022 14:30",1.31,672,36.3,280,13.2,"26",3.28,103,7.6,151,"750",276.8,"970",7.24,"133",4531,3.47,6.7,21.6,"58.6",5.1,17.2,2900,"170",140,"58.8","71",NA,NA,NA,NA,NA,NA,NA,NA,NA,NA,NA,NA,NA
62167,"Alna","02.05.2022 11:30",1.72,1505,37.6,77.5,3,"10",2.7,46.8,6.18,39.9,"< 2",65.7,"1170",7.72,"29",564,1.63,3.35,19.9,"3.7",8.7,3.1,1500,"46",27,"4.48","2.5","0.007","0.24","0.023",NA,0.22,1.99,1.96,NA,0.65,NA,"0.201",NA,"5.3"
62167,"Alna","07.06.2022 11:00",1.82,1475,38.2,87.2,3.6,"13",2.86,48.8,6.11,45.4,"16",52.3,"1250",7.9,"48",540,2.68,5.75,20.8,"3.2",13.7,4.2,1900,"62",23,"3.26","2.6",NA,NA,NA,NA,NA,NA,NA,NA,NA,NA,NA,NA,NA
62167,"Alna","04.07.2022 11:30",1.5,1505,32,62,4.5,"20",2.7,40.2,4.87,38.6,"< 2",73.4,"1030",7.97,"71",1575,3.99,8.6,20.1,"15.8",14.5,5.9,1500,"79",44,"11.9","21",NA,NA,NA,NA,NA,NA,NA,NA,NA,NA,NA,NA,NA
62167,"Alna","01.08.2022 12:50",1.03,1026,20.8,45.3,4.8,"21",2.1,28.5,3.09,28.9,"< 2",133,"840",7.73,"84",1137,2.18,4.5,11.5,"15.1",NA,4.8,1500,"120",49,"13.8","17","0.005","0.43","0.037",NA,0.82,4.87,2.9,NA,1.21,NA,"1.1",NA,"15.9"
62167,"Alna","05.09.2022 10:30",1.65,893,28.9,68.9,3.7,"11",2.73,38.7,4.99,32.8,"150",52.3,"1380",8.01,"91",428,2.8,5.86,19.9,"2.6",12.5,3.6,2300,"110",25,"1.75","1.6",NA,NA,NA,NA,NA,NA,NA,NA,NA,NA,NA,NA,NA
62167,"Alna","03.10.2022 11:00",1.68,1378,32.4,61.5,3.6,"12",2.68,39.1,5.22,34.6,"88",61.5,"1120",7.93,"55",754,2.87,5.62,20.5,"3.1",10.4,3.6,1600,"75",23,"3.6","2.7","0.012","0.39","0.02",NA,0.3,2.4,1.93,NA,0.69,NA,"0.349",NA,"7.9"
62167,"Alna","07.11.2022 10:20",1.06,1055,19.6,25.8,4.9,"29",2.41,22.2,3.25,18,"53",398,"540",7.68,"217",5652,3.63,6.21,12.9,"127",8.9,16.9,1100,"260",170,"130","42",NA,NA,NA,NA,NA,NA,NA,NA,NA,NA,NA,NA,NA
62167,"Alna","05.12.2022 11:00",1.58,1370,32.3,56.2,4.1,"17",2.65,37.6,5.61,31.2,"190",70.2,"930",7.9,"50",806,3.43,7.96,22.9,"6.8",3.8,4,1500,"65",46,"6.85","3.2",NA,NA,NA,NA,NA,NA,NA,NA,NA,NA,NA,NA,NA
69594,"Målselva","11.01.2022 10:00",0.546,493,9.05,2.29,1.1,"4",0.89,7.4,1.67,1.72,"73",195,"70",7.41,"3",1045,1.19,2.69,5.97,"4.7",0,1.4,480,"6",2,"3.54","0.58",NA,NA,NA,NA,NA,NA,NA,NA,NA,NA,NA,NA,NA
69594,"Målselva","07.02.2022 11:00",0.572,521,9.55,2.42,1.3,"6",0.87,8.14,1.68,1.84,"22",162,"71",7.38,"1",1028,1.26,2.64,5.91,"3.1",0,1.3,290,"15",16,"1.55","0.7","< 0.002","0.038","0.005",NA,1.92,0.81,0.33,NA,0.4,NA,"0.085",NA,"2.7"
69594,"Målselva","07.03.2022 11:00",0.499,456,8.31,3.89,1.9,"6",0.95,7.24,1.65,2.48,"39",75.2,"79",7.32,"5",510,1.1,2.27,5.35,"1.7",0,1.8,370,"9",5,"1.26","0.6",NA,NA,NA,NA,NA,NA,NA,NA,NA,NA,NA,NA,NA
69594,"Målselva","04.04.2022 11:00",0.59,530,9.8,4.01,2.4,"10",1.22,8.42,1.76,2.53,"170",180,"74",7.47,"7",1056,1.23,2.66,6.09,"2.2",0,2.8,370,"15",8,"2.26","0.76",NA,NA,NA,NA,NA,NA,NA,NA,NA,NA,NA,NA,NA
69594,"Målselva","02.05.2022 11:00",0.646,586,10.7,3.04,1.4,"9",0.78,8.34,1.85,2.01,"5",15.5,"58",7.61,"2",114,1.2,2.54,5.65,"2.9",1.1,1.4,140,"3",3,"2.09","0.79","0.022","0.086","< 0.003",NA,0.14,0.49,0.42,NA,0.39,NA,"0.045",NA,"0.3"
69594,"Målselva","07.06.2022 08:30",0.503,454,8.23,1.78,1.2,"9",0.66,6.26,1.3,1.23,"< 2",17.8,"39",7.47,"6",210,1.14,2.39,3.91,"6.1",5.3,1.2,66,"7",7,"8.53","3.5",NA,NA,NA,NA,NA,NA,NA,NA,NA,NA,NA,NA,NA
69594,"Målselva","04.07.2022 08:00",0.434,389,6.74,0.97,0.66,"5",0.62,5.18,1.11,0.94,"< 2",19.2,"14",7.37,"6",130,1.05,1.91,3.21,"8.3",11.2,0.68,39,"8",8,"7.8","2.4",NA,NA,NA,NA,NA,NA,NA,NA,NA,NA,NA,NA,NA
69594,"Målselva","01.08.2022 07:30",0.569,520,9.16,1.36,1.1,"7",0.7,6.89,1.53,1.28,"< 2",12.7,"19",7.63,"1",100,1.03,2.25,4.66,"2",12.5,1.1,56,"3",3,"1.23","0.66","< 0.002","0.05","< 0.003",NA,0.11,0.5,0.46,NA,0.37,NA,"0.026",NA,"0.37"
69594,"Målselva","05.09.2022 08:00",0.603,548,9.66,1.2,0.92,"4",0.75,7.2,1.61,1.39,"25",18.7,"18",7.69,"< 1",108,0.995,2.2,5.34,"1.4",8,0.92,58,"2",2,"1.15","0.4",NA,NA,NA,NA,NA,NA,NA,NA,NA,NA,NA,NA,NA
69594,"Målselva","03.10.2022 08:00",0.562,490,9.08,1.52,0.87,"5",0.73,7.12,1.66,1.37,"< 2",17.8,"28",7.62,"< 1",354,1.07,2.38,6.37,"1.1",3.9,0.93,56,"2",2,"1.08","0.56","< 0.002","0.041","< 0.003",NA,0.065,0.35,0.346,NA,0.32,NA,"0.02",NA,"0.25"
69594,"Målselva","07.11.2022 08:00",0.657,627,10.9,1.9,1.3,"8",0.79,8.32,1.9,1.68,"9",10.2,"48",7.68,"2",79.3,1.31,2.91,5.27,"1.8",2,1.3,110,"3",3,"2.09","0.92",NA,NA,NA,NA,NA,NA,NA,NA,NA,NA,NA,NA,NA
69594,"Målselva","05.12.2022 09:30",0.77,714,13.4,1.96,0.9,"4",0.95,9.63,2.21,1.62,"10",6.35,"74",7.48,"1",91.7,1.56,3.29,8.2,"0.8",0,0.91,110,"2",2,"0.94","0.4",NA,NA,NA,NA,NA,NA,NA,NA,NA,NA,NA,NA,NA
